Automated commit on Sun Oct 26 18:36:26 UTC 2025
Automated commit on Mon Oct 27 18:40:28 UTC 2025
Automated commit on Tue Oct 28 18:43:51 UTC 2025
Automated commit on Wed Oct 29 18:41:36 UTC 2025
Automated commit on Thu Oct 30 18:41:20 UTC 2025
Automated commit on Fri Oct 31 18:40:49 UTC 2025
Automated commit on Sat Nov  1 18:35:05 UTC 2025
Automated commit on Sun Nov  2 18:34:31 UTC 2025
Automated commit on Mon Nov  3 18:37:27 UTC 2025
Automated commit on Tue Nov  4 18:41:29 UTC 2025
Automated commit on Wed Nov  5 18:40:45 UTC 2025
Automated commit on Thu Nov  6 18:43:30 UTC 2025
Automated commit on Fri Nov  7 18:38:18 UTC 2025
Automated commit on Sat Nov  8 18:36:21 UTC 2025
Automated commit on Sun Nov  9 18:35:08 UTC 2025
Automated commit on Mon Nov 10 18:41:21 UTC 2025
Automated commit on Tue Nov 11 18:40:14 UTC 2025
